{
    "loss": 1.0411311388015747,
    "accuracy": 0.8970392346382141
}