{
    "loss": 18.3709774017334,
    "accuracy": 0.33244433999061584
}